[{"@type":"mappingTemplate","id":"@1","name":"Mapping_RESTV2","description":"","bundleVersion":"0","templateId":"@3","deployTime":1656588217000,"hasParameters":false,"valid":true,"fixedConnection":true,"hasParametersDeployed":false,"fixedConnectionDeployed":true,"tasks":0,"mappingPreviewFileRecordId":"@2","documentType":"MAPPING","references":[{"@type":"reference","refObjectId":"@6gZETFGYxahdLfKiQK9RqU","refType":"connection"},{"@type":"reference","refObjectId":"@60TakyRezAZdAViWFNZt4U","refType":"connection"}]}]